<?xml version="1.0" encoding="UTF-8"?>
<project-private xmlns="http://www.netbeans.org/ns/project-private/1">
    <editor-bookmarks xmlns="http://www.netbeans.org/ns/editor-bookmarks/2" lastBookmarkId="0"/>
    <open-files xmlns="http://www.netbeans.org/ns/projectui-open-files/2">
        <group>
            <file>file:/C:/Users/ASUS/Documents/NetBeansProjects/Kuis_Praktikum/src/kuis_praktikum/View_Karyawan.java</file>
            <file>file:/C:/Users/ASUS/Documents/NetBeansProjects/Kuis_Praktikum/src/kuis_praktikum/Kuis_Praktikum.java</file>
            <file>file:/C:/Users/ASUS/Documents/NetBeansProjects/Kuis_Praktikum/src/kuis_praktikum/View_Anggota.java</file>
            <file>file:/C:/Users/ASUS/Documents/NetBeansProjects/Kuis_Praktikum/src/kuis_praktikum/Model_Kuis.java</file>
            <file>file:/C:/Users/ASUS/Documents/NetBeansProjects/Kuis_Praktikum/src/kuis_praktikum/Controller_Kuis.java</file>
            <file>file:/C:/Users/ASUS/Documents/NetBeansProjects/Kuis_Praktikum/src/kuis_praktikum/MVC.java</file>
            <file>file:/C:/Users/ASUS/Documents/NetBeansProjects/Kuis_Praktikum/src/kuis_praktikum/View_Peminjaman.java</file>
            <file>file:/C:/Users/ASUS/Documents/NetBeansProjects/Kuis_Praktikum/src/kuis_praktikum/View_Buku.java</file>
        </group>
    </open-files>
</project-private>
